{"cameraMode":{"drawMode":0,"name":"Shaded","section":"Shading Mode"},"sceneLighting":false,"audioPlay":false,"sceneViewState":{"showFog":true,"showMaterialUpdate":false,"showSkybox":true,"showFlares":true,"showImageEffects":true,"showParticleSystems":true},"in2DMode":false,"pivot":{"x":1.5815773010253907,"y":-0.8632091879844666,"z":0.5832158923149109},"rotation":{"x":0.0353020615875721,"y":-0.6258901357650757,"z":0.028378326445817949,"w":0.7785948514938355},"size":6.091822624206543,"orthographic":false}