{"cameraMode":{"drawMode":0,"name":"Shaded","section":"Shading Mode"},"sceneLighting":true,"audioPlay":false,"sceneViewState":{"showFog":true,"showMaterialUpdate":false,"showSkybox":true,"showFlares":true,"showImageEffects":true,"showParticleSystems":true},"in2DMode":false,"pivot":{"x":3.89200496673584,"y":-1.332646131515503,"z":0.08848142623901367},"rotation":{"x":-0.022392259910702707,"y":0.8147804737091065,"z":0.03153955936431885,"w":0.5784779787063599},"size":8.144323348999024,"orthographic":false}